<?xml version="1.0" encoding="utf-8"?>
<Window caption="0,0,0,30" size="160,108"  bktrans="true" roundcorner="4,4">
  <Font id="0" name="宋体" size="13" default="true"/>
  <VerticalLayout bkcolor="#ffffffff" bordercolor="#FFD2D6D9" bordersize="1" >
     <HorizontalLayout childpadding="18" padding="8,8,15,0" childpadding = "1" height="24">
        <Option name="radio0" group="radio" text="0" textcolor="#FF000000" selectedbkcolor="#FF0081DB" selectedtextcolor="#FFFFFFFF"  width="22" height="24"/>
        <Option name="radio1" group="radio" text="1" textcolor="#FF000000" selectedbkcolor="#FF0081DB" selectedtextcolor="#FFFFFFFF"  width="22" height="24"/>
        <Option name="radio2" group="radio" text="2" textcolor="#FF000000" selectedbkcolor="#FF0081DB" selectedtextcolor="#FFFFFFFF"  width="22" height="24"/>
        <Option name="radio3" group="radio" text="3" textcolor="#FF000000" selectedbkcolor="#FF0081DB" selectedtextcolor="#FFFFFFFF"  width="22" height="24"/>
        <Option name="radio4" group="radio" text="4" textcolor="#FF000000" selectedbkcolor="#FF0081DB" selectedtextcolor="#FFFFFFFF"  width="22" height="24"/>
        <Option name="radio5" group="radio" text="5" textcolor="#FF000000" selectedbkcolor="#FF0081DB" selectedtextcolor="#FFFFFFFF"  width="22" height="24"/>
     </HorizontalLayout>
     <HorizontalLayout childpadding="18" padding="8,0,15,0" childpadding = "1" height="24">
        <Option name="radio6" group="radio" text="6" textcolor="#FF000000" selectedbkcolor="#FF0081DB" selectedtextcolor="#FFFFFFFF"  width="22" height="24"/>
        <Option name="radio7" group="radio" text="7" textcolor="#FF000000" selectedbkcolor="#FF0081DB" selectedtextcolor="#FFFFFFFF"  width="22" height="24"/>
        <Option name="radio8" group="radio" text="8" textcolor="#FF000000" selectedbkcolor="#FF0081DB" selectedtextcolor="#FFFFFFFF"  width="22" height="24"/>
        <Option name="radio9" group="radio" text="9" textcolor="#FF000000" selectedbkcolor="#FF0081DB" selectedtextcolor="#FFFFFFFF"  width="22" height="24"/>
        <Option name="radio10" group="radio" text="10" textcolor="#FF000000" selectedbkcolor="#FF0081DB" selectedtextcolor="#FFFFFFFF"  width="22" height="24"/>
        <Option name="radio11" group="radio" text="11" textcolor="#FF000000" selectedbkcolor="#FF0081DB" selectedtextcolor="#FFFFFFFF"  width="22" height="24"/>
     </HorizontalLayout>
     <HorizontalLayout childpadding="18" padding="8,0,15,0" childpadding = "1" height="24">
        <Option name="radio12" group="radio" text="12" textcolor="#FF000000" selectedbkcolor="#FF0081DB" selectedtextcolor="#FFFFFFFF"  width="22" height="24"/>
        <Option name="radio13" group="radio" text="13" textcolor="#FF000000" selectedbkcolor="#FF0081DB" selectedtextcolor="#FFFFFFFF"  width="22" height="24"/>
        <Option name="radio14" group="radio" text="14" textcolor="#FF000000" selectedbkcolor="#FF0081DB" selectedtextcolor="#FFFFFFFF"  width="22" height="24"/>
        <Option name="radio15" group="radio" text="15" textcolor="#FF000000" selectedbkcolor="#FF0081DB" selectedtextcolor="#FFFFFFFF"  width="22" height="24"/>
        <Option name="radio16" group="radio" text="16" textcolor="#FF000000" selectedbkcolor="#FF0081DB" selectedtextcolor="#FFFFFFFF"  width="22" height="24"/>
        <Option name="radio17" group="radio" text="17" textcolor="#FF000000" selectedbkcolor="#FF0081DB" selectedtextcolor="#FFFFFFFF"  width="22" height="24"/>
     </HorizontalLayout>
     <HorizontalLayout childpadding="18" padding="8,0,15,0" childpadding = "1" height="24">
        <Option name="radio18" group="radio" text="18" textcolor="#FF000000" selectedbkcolor="#FF0081DB" selectedtextcolor="#FFFFFFFF"  width="22" height="24"/>
        <Option name="radio19" group="radio" text="19" textcolor="#FF000000" selectedbkcolor="#FF0081DB" selectedtextcolor="#FFFFFFFF"  width="22" height="24"/>
        <Option name="radio20" group="radio" text="20" textcolor="#FF000000" selectedbkcolor="#FF0081DB" selectedtextcolor="#FFFFFFFF"  width="22" height="24"/>
        <Option name="radio21" group="radio" text="21" textcolor="#FF000000" selectedbkcolor="#FF0081DB" selectedtextcolor="#FFFFFFFF"  width="22" height="24"/>
        <Option name="radio22" group="radio" text="22" textcolor="#FF000000" selectedbkcolor="#FF0081DB" selectedtextcolor="#FFFFFFFF"  width="22" height="24"/>
        <Option name="radio23" group="radio" text="23" textcolor="#FF000000" selectedbkcolor="#FF0081DB" selectedtextcolor="#FFFFFFFF"  width="22" height="24"/>
     </HorizontalLayout>
  </VerticalLayout>
</Window>