<?xml version="1.0" encoding="utf-8"?>
<Window bktrans="true">
  <Font shared="true" size="14" />
  <Default name="ExplandIcon" value="Robot/menu/menu_expand.png" />
  <Style name="menuItemStyle" value="itemtextpadding=&quot;31,0,0,0&quot; width=&quot;128&quot; icon=&quot;Robot/menu/menu_check.png&quot; iconsize=&quot;12,10&quot; checkitem=&quot;true&quot; ischeck=&quot;false&quot; " />
  <Default name="Menu" shared="true" value="itemtextpadding=&quot;30,0,0,0&quot; bkimage=&quot;file='Robot/menu/bk.png'&quot; width =&quot;160&quot; itemselectedtextcolor =&quot;#ffffffff&quot; itemselectedimage =&quot;file='Robot/menu/selected.png'&quot;"/>
  <Menu >
    <MenuElement text="切换至小窗盯盘" name="OpenSmallDlg" style="menuItemStyle" />
    <MenuElement text="消息设置"  expland="true">
		<MenuElement text="弹出消息" name="PopMessage" expland="true" icon="file='Robot/menu/menu_check.png'" iconsize="14,10"/>
		<MenuElement text="仅提示不弹出" name="OnlyTip" expland="true" icon="file='Robot/menu/menu_check.png'" iconsize="14,10"/>
	</MenuElement> 
    <MenuElement text="状态设置" name="StateSetting" style="menuItemStyle" />
	<MenuElement text="最小化" name="min" style="menuItemStyle" />
    <MenuElement text="退出" name="exit" style="menuItemStyle" />
  </Menu>
  
</Window>