<?xml version="1.0" encoding="utf-8"?>
<Window caption="0,0,0,30" size="255,160"  bktrans="true" roundcorner="4,4">
  <Font id="0" name="宋体" size="13" default="true"/>
  <VerticalLayout bkcolor="#ffffffff" bordercolor="#FFD2D6D9" bordersize="1" >
     <HorizontalLayout childpadding="18" padding="8,8,15,0" childpadding = "1" height="24">
        <Option name="radio0" group="radio" text="0" textcolor="#FF000000" selectedbkcolor="#FF0081DB" selectedtextcolor="#FFFFFFFF"  width="22" height="24"/>
        <Option name="radio1" group="radio" text="1" textcolor="#FF000000" selectedbkcolor="#FF0081DB" selectedtextcolor="#FFFFFFFF"  width="22" height="24"/>
        <Option name="radio2" group="radio" text="2" textcolor="#FF000000" selectedbkcolor="#FF0081DB" selectedtextcolor="#FFFFFFFF"  width="22" height="24"/>
        <Option name="radio3" group="radio" text="3" textcolor="#FF000000" selectedbkcolor="#FF0081DB" selectedtextcolor="#FFFFFFFF"  width="22" height="24"/>
        <Option name="radio4" group="radio" text="4" textcolor="#FF000000" selectedbkcolor="#FF0081DB" selectedtextcolor="#FFFFFFFF"  width="22" height="24"/>
        <Option name="radio5" group="radio" text="5" textcolor="#FF000000" selectedbkcolor="#FF0081DB" selectedtextcolor="#FFFFFFFF"  width="22" height="24"/>
        <Option name="radio6" group="radio" text="6" textcolor="#FF000000" selectedbkcolor="#FF0081DB" selectedtextcolor="#FFFFFFFF"  width="22" height="24"/>
        <Option name="radio7" group="radio" text="7" textcolor="#FF000000" selectedbkcolor="#FF0081DB" selectedtextcolor="#FFFFFFFF"  width="22" height="24"/>
        <Option name="radio8" group="radio" text="8" textcolor="#FF000000" selectedbkcolor="#FF0081DB" selectedtextcolor="#FFFFFFFF"  width="22" height="24"/>
        <Option name="radio9" group="radio" text="9" textcolor="#FF000000" selectedbkcolor="#FF0081DB" selectedtextcolor="#FFFFFFFF"  width="22" height="24"/>
     </HorizontalLayout>
     <HorizontalLayout childpadding="18" padding="8,0,15,0" childpadding = "1" height="24">
        <Option name="radio10" group="radio" text="10" textcolor="#FF000000" selectedbkcolor="#FF0081DB" selectedtextcolor="#FFFFFFFF"  width="22" height="24"/>
        <Option name="radio11" group="radio" text="11" textcolor="#FF000000" selectedbkcolor="#FF0081DB" selectedtextcolor="#FFFFFFFF"  width="22" height="24"/>
        <Option name="radio12" group="radio" text="12" textcolor="#FF000000" selectedbkcolor="#FF0081DB" selectedtextcolor="#FFFFFFFF"  width="22" height="24"/>
        <Option name="radio13" group="radio" text="13" textcolor="#FF000000" selectedbkcolor="#FF0081DB" selectedtextcolor="#FFFFFFFF"  width="22" height="24"/>
        <Option name="radio14" group="radio" text="14" textcolor="#FF000000" selectedbkcolor="#FF0081DB" selectedtextcolor="#FFFFFFFF"  width="22" height="24"/>
        <Option name="radio15" group="radio" text="15" textcolor="#FF000000" selectedbkcolor="#FF0081DB" selectedtextcolor="#FFFFFFFF"  width="22" height="24"/>
        <Option name="radio16" group="radio" text="16" textcolor="#FF000000" selectedbkcolor="#FF0081DB" selectedtextcolor="#FFFFFFFF"  width="22" height="24"/>
        <Option name="radio17" group="radio" text="17" textcolor="#FF000000" selectedbkcolor="#FF0081DB" selectedtextcolor="#FFFFFFFF"  width="22" height="24"/>
        <Option name="radio18" group="radio" text="18" textcolor="#FF000000" selectedbkcolor="#FF0081DB" selectedtextcolor="#FFFFFFFF"  width="22" height="24"/>
        <Option name="radio19" group="radio" text="19" textcolor="#FF000000" selectedbkcolor="#FF0081DB" selectedtextcolor="#FFFFFFFF"  width="22" height="24"/>
     </HorizontalLayout>
     <HorizontalLayout childpadding="18" padding="8,0,15,0" childpadding = "1" height="24">
        <Option name="radio20" group="radio" text="20" textcolor="#FF000000" selectedbkcolor="#FF0081DB" selectedtextcolor="#FFFFFFFF"  width="22" height="24"/>
        <Option name="radio21" group="radio" text="21" textcolor="#FF000000" selectedbkcolor="#FF0081DB" selectedtextcolor="#FFFFFFFF"  width="22" height="24"/>
        <Option name="radio22" group="radio" text="22" textcolor="#FF000000" selectedbkcolor="#FF0081DB" selectedtextcolor="#FFFFFFFF"  width="22" height="24"/>
        <Option name="radio23" group="radio" text="23" textcolor="#FF000000" selectedbkcolor="#FF0081DB" selectedtextcolor="#FFFFFFFF"  width="22" height="24"/>
        <Option name="radio24" group="radio" text="24" textcolor="#FF000000" selectedbkcolor="#FF0081DB" selectedtextcolor="#FFFFFFFF"  width="22" height="24"/>
        <Option name="radio25" group="radio" text="25" textcolor="#FF000000" selectedbkcolor="#FF0081DB" selectedtextcolor="#FFFFFFFF"  width="22" height="24"/>
        <Option name="radio26" group="radio" text="26" textcolor="#FF000000" selectedbkcolor="#FF0081DB" selectedtextcolor="#FFFFFFFF"  width="22" height="24"/>
        <Option name="radio27" group="radio" text="27" textcolor="#FF000000" selectedbkcolor="#FF0081DB" selectedtextcolor="#FFFFFFFF"  width="22" height="24"/>
        <Option name="radio28" group="radio" text="28" textcolor="#FF000000" selectedbkcolor="#FF0081DB" selectedtextcolor="#FFFFFFFF"  width="22" height="24"/>
        <Option name="radio29" group="radio" text="29" textcolor="#FF000000" selectedbkcolor="#FF0081DB" selectedtextcolor="#FFFFFFFF"  width="22" height="24"/>
     </HorizontalLayout>
     <HorizontalLayout childpadding="18" padding="8,0,15,0" childpadding = "1" height="24">
        <Option name="radio30" group="radio" text="30" textcolor="#FF000000" selectedbkcolor="#FF0081DB" selectedtextcolor="#FFFFFFFF"  width="22" height="24"/>
        <Option name="radio31" group="radio" text="31" textcolor="#FF000000" selectedbkcolor="#FF0081DB" selectedtextcolor="#FFFFFFFF"  width="22" height="24"/>
        <Option name="radio32" group="radio" text="32" textcolor="#FF000000" selectedbkcolor="#FF0081DB" selectedtextcolor="#FFFFFFFF"  width="22" height="24"/>
        <Option name="radio33" group="radio" text="33" textcolor="#FF000000" selectedbkcolor="#FF0081DB" selectedtextcolor="#FFFFFFFF"  width="22" height="24"/>
        <Option name="radio34" group="radio" text="34" textcolor="#FF000000" selectedbkcolor="#FF0081DB" selectedtextcolor="#FFFFFFFF"  width="22" height="24"/>
        <Option name="radio35" group="radio" text="35" textcolor="#FF000000" selectedbkcolor="#FF0081DB" selectedtextcolor="#FFFFFFFF"  width="22" height="24"/>
        <Option name="radio36" group="radio" text="36" textcolor="#FF000000" selectedbkcolor="#FF0081DB" selectedtextcolor="#FFFFFFFF"  width="22" height="24"/>
        <Option name="radio37" group="radio" text="37" textcolor="#FF000000" selectedbkcolor="#FF0081DB" selectedtextcolor="#FFFFFFFF"  width="22" height="24"/>
        <Option name="radio38" group="radio" text="38" textcolor="#FF000000" selectedbkcolor="#FF0081DB" selectedtextcolor="#FFFFFFFF"  width="22" height="24"/>
        <Option name="radio39" group="radio" text="39" textcolor="#FF000000" selectedbkcolor="#FF0081DB" selectedtextcolor="#FFFFFFFF"  width="22" height="24"/>
     </HorizontalLayout>
     <HorizontalLayout childpadding="18" padding="8,0,15,0" childpadding = "1" height="24">
        <Option name="radio40" group="radio" text="40" textcolor="#FF000000" selectedbkcolor="#FF0081DB" selectedtextcolor="#FFFFFFFF"  width="22" height="24"/>
        <Option name="radio41" group="radio" text="41" textcolor="#FF000000" selectedbkcolor="#FF0081DB" selectedtextcolor="#FFFFFFFF"  width="22" height="24"/>
        <Option name="radio42" group="radio" text="42" textcolor="#FF000000" selectedbkcolor="#FF0081DB" selectedtextcolor="#FFFFFFFF"  width="22" height="24"/>
        <Option name="radio43" group="radio" text="43" textcolor="#FF000000" selectedbkcolor="#FF0081DB" selectedtextcolor="#FFFFFFFF"  width="22" height="24"/>
        <Option name="radio44" group="radio" text="44" textcolor="#FF000000" selectedbkcolor="#FF0081DB" selectedtextcolor="#FFFFFFFF"  width="22" height="24"/>
        <Option name="radio45" group="radio" text="45" textcolor="#FF000000" selectedbkcolor="#FF0081DB" selectedtextcolor="#FFFFFFFF"  width="22" height="24"/>
        <Option name="radio46" group="radio" text="46" textcolor="#FF000000" selectedbkcolor="#FF0081DB" selectedtextcolor="#FFFFFFFF"  width="22" height="24"/>
        <Option name="radio47" group="radio" text="47" textcolor="#FF000000" selectedbkcolor="#FF0081DB" selectedtextcolor="#FFFFFFFF"  width="22" height="24"/>
        <Option name="radio48" group="radio" text="48" textcolor="#FF000000" selectedbkcolor="#FF0081DB" selectedtextcolor="#FFFFFFFF"  width="22" height="24"/>
        <Option name="radio49" group="radio" text="49" textcolor="#FF000000" selectedbkcolor="#FF0081DB" selectedtextcolor="#FFFFFFFF"  width="22" height="24"/>
     </HorizontalLayout>
     <HorizontalLayout childpadding="18" padding="8,0,15,0" childpadding = "1" height="24">
        <Option name="radio50" group="radio" text="50" textcolor="#FF000000" selectedbkcolor="#FF0081DB" selectedtextcolor="#FFFFFFFF"  width="22" height="24"/>
        <Option name="radio51" group="radio" text="51" textcolor="#FF000000" selectedbkcolor="#FF0081DB" selectedtextcolor="#FFFFFFFF"  width="22" height="24"/>
        <Option name="radio52" group="radio" text="52" textcolor="#FF000000" selectedbkcolor="#FF0081DB" selectedtextcolor="#FFFFFFFF"  width="22" height="24"/>
        <Option name="radio53" group="radio" text="53" textcolor="#FF000000" selectedbkcolor="#FF0081DB" selectedtextcolor="#FFFFFFFF"  width="22" height="24"/>
        <Option name="radio54" group="radio" text="54" textcolor="#FF000000" selectedbkcolor="#FF0081DB" selectedtextcolor="#FFFFFFFF"  width="22" height="24"/>
        <Option name="radio55" group="radio" text="55" textcolor="#FF000000" selectedbkcolor="#FF0081DB" selectedtextcolor="#FFFFFFFF"  width="22" height="24"/>
        <Option name="radio56" group="radio" text="56" textcolor="#FF000000" selectedbkcolor="#FF0081DB" selectedtextcolor="#FFFFFFFF"  width="22" height="24"/>
        <Option name="radio57" group="radio" text="57" textcolor="#FF000000" selectedbkcolor="#FF0081DB" selectedtextcolor="#FFFFFFFF"  width="22" height="24"/>
        <Option name="radio58" group="radio" text="58" textcolor="#FF000000" selectedbkcolor="#FF0081DB" selectedtextcolor="#FFFFFFFF"  width="22" height="24"/>
        <Option name="radio59" group="radio" text="59" textcolor="#FF000000" selectedbkcolor="#FF0081DB" selectedtextcolor="#FFFFFFFF"  width="22" height="24"/>
     </HorizontalLayout>
  </VerticalLayout>
</Window>