<?xml version="1.0" encoding="utf-8" standalone="yes" ?>
<Window size="280,182" roundcorner="5,5" bktrans="true">
	<Style name="close_btn_style" value="width=&quot;13&quot; height=&quot;13&quot; normalimage=&quot;file='Robot/push/close1.png'&quot; hotimage=&quot;file='Robot/push/close1.png'&quot; pushedimage=&quot;file='Robot/push/close1.png'&quot;" />
	<Style name="tip_btn_style" value="width=&quot;49&quot; height=&quot;15&quot; normalimage=&quot;file='Robot/push/tip.png'&quot; hotimage=&quot;file='Robot/push/tip.png'&quot; pushedimage=&quot;file='Robot/push/tip.png'&quot;" />
	
	<WindowLayout name="bk" bkimage="Robot/bk/1.png" >
		<HorizontalLayout name="appbar" height="15" inset="260,5,0,0" childvalign="vcenter">
			<Button name="close" cursor="hand" style="close_btn_style" tooltip="关闭" />
		</HorizontalLayout>
		<HorizontalLayout name="appbar" height="19" padding="10,120,0,0" childvalign="vcenter">
			<Button name="nottip" cursor="hand" style="tip_btn_style" tooltip="不再提示" />
		</HorizontalLayout>
	</WindowLayout>
</Window>