﻿<?xml version="1.0" encoding="utf-8"?>
<Window caption="0,0,0,32" size="320,230"  roundcorner="4,4" >
  <Font id="0" name="宋体" size="12" default="true"/>
  <Font id="1" name="宋体" size="14"/>

   <Style name="close_btn_style" value="width=&quot;9&quot; height=&quot;9&quot; normalimage=&quot;file='Robot/sysbtn/close_normal.png'&quot; hotimage=&quot;file='Robot/sysbtn/close_hover.png'&quot; pushedimage=&quot;file='Robot/sysbtn/close_hover.png'&quot;" />
   <Style name="confirm_btn_style" value="bkcolor=&quot;#FF479ef6&quot; pushedbkcolor=&quot;#FF3a84ce&quot; borderround=&quot;3,3&quot; textcolor=&quot;#ffffffff&quot; font=&quot;1&quot;  bordersize=&quot;1,1,1,1&quot; bordercolor=&quot;#FF479ef6&quot; focusbordercolor=&quot;#ff3a84ce&quot;" />
   <Style name="cancel_btn_style" value="bkcolor=&quot;#FFFFFFFF&quot; pushedbkcolor=&quot;#FFf5f5f7&quot; borderround=&quot;3,3&quot; textcolor=&quot;#ff4e4e4f&quot; font=&quot;1&quot; bordersize=&quot;1,1,1,1&quot; bordercolor=&quot;#FFd6d8dc&quot;" />
 
 
  <VerticalLayout bkcolor="#FFFFFFFF" bordercolor="#FFD2D6D9" bordersize="1" >
    <HorizontalLayout name="appbar" height="30" inset="12,0,12,0" bkcolor="#FF52555A" childvalign="vcenter">
    	<Label name="MessageTitle" valign="vcenter" text="状态设置" textcolor="#FFFFFFFF" font="0" />
		<Button name="closebtn" cursor="hand" style="close_btn_style" tooltip="关闭" />
    </HorizontalLayout>
    <VerticalLayout bkcolor="#ffffffff"  childpadding = "15">
     <HorizontalLayout name="appbar" padding="13,23,2,0"   height="30" childpadding="7" childvalign="vcenter" >
        <Label text="早盘时间" textcolor="#FF565A5D" width="52" height="25" />
         <HorizontalLayout name="zpb" height="25" width="100" inset="1,1,1,1" padding="6,0,0,0"childvalign="vcenter" bkcolor="#FFEDF1F4" bordercolor="#FFD2D6D9" bordersize="1" childpadding="2">
          <TimeEdit name="zpbh" text="12" width="21" textcolor="#FF565A5D" bkcolor="#FFEDF1F4" maxchar="2" datetype="1"/>
          <Label text=":" textcolor="#FF565A5D" width="3" height="25"  bkcolor="#FFEDF1F4"/>
          <TimeEdit name="zpbm" text="30" width="21" textcolor="#FF565A5D" bkcolor="#FFEDF1F4" maxchar="2" datetype="0"/>
          <Label text=":" textcolor="#FF565A5D" width="3" height="25"  bkcolor="#FFEDF1F4"/>
          <Edit text="00" width="21" textcolor="##FF565A5D" readonly="true" bkcolor="#FFEDF1F4" maxchar="2"/>
          <VerticalLayout bkcolor="#FFEDF1F4" childvalign="vcenter" childvalign="2">
            <HorizontalLayout  childvalign="vcenter" bkcolor="#FFE1E5E8" padding="1,1,1,1" >
              <Button name="zpbup" foreimage="res='Robot/sysbtn/up.png'" width="7" height="4" padding="4,3,4,0"/>
            </HorizontalLayout>
            <HorizontalLayout   childvalign="vcenter" bkcolor="#FFE1E5E8" padding="1,1,1,1" >
              <Button name="zpbdown" foreimage="res='Robot/sysbtn/down.png'" width="7" height="4" padding="4,3,4,3"/>
            </HorizontalLayout>
          </VerticalLayout>
      </HorizontalLayout>
      <Label  width="10" height="2" bkimage="Robot/sysbtn/Interval.png"/>
      <HorizontalLayout name="zpe" height="25" width="100" inset="1,1,1,1" padding="0,0,0,0" childvalign="vcenter" bkcolor="#FFEDF1F4" bordercolor="#FFD2D6D9" bordersize="1">
          <TimeEdit name="zpeh" text="12" width="21" textcolor="#FF565A5D" bkcolor="#FFEDF1F4" datetype="1"/>
          <Label text=":" textcolor="#FF565A5D" width="10" height="25"  bkcolor="#FFEDF1F4"/>
          <TimeEdit name="zpem" text="30" width="21" textcolor="#FF565A5D" bkcolor="#FFEDF1F4" datetype="0"/>
          <Label text=":" textcolor="#FF565A5D" width="10" height="25"  bkcolor="#FFEDF1F4"/>
          <Edit text="00" width="21" textcolor="##FF565A5D" readonly="true" bkcolor="#FFEDF1F4"/>
          <VerticalLayout bkcolor="#FFEDF1F4" childvalign="vcenter" childvalign="2">
            <HorizontalLayout  childvalign="vcenter" bkcolor="#FFE1E5E8" padding="1,1,1,1" >
              <Button name="zpeup" foreimage="res='Robot/sysbtn/up.png'" width="7" height="4" padding="4,3,4,0"/>
            </HorizontalLayout>
            <HorizontalLayout   childvalign="vcenter" bkcolor="#FFE1E5E8" padding="1,1,1,1" >
              <Button name="zpedown" foreimage="res='Robot/sysbtn/down.png'" width="7" height="4" padding="4,3,4,3"/>
            </HorizontalLayout>
          </VerticalLayout>
      </HorizontalLayout>
         
    </HorizontalLayout>

    <HorizontalLayout name="appbar" padding="13,0,2,0"   height="30" childpadding="7" childvalign="vcenter" >
       <Label text="盯盘时间" textcolor="#FF565A5D" width="52" height="25" />
       <HorizontalLayout name="dpb" height="25" width="100" inset="1,1,1,1" padding="6,0,0,0"childvalign="vcenter" bkcolor="#FFEDF1F4" bordercolor="#FFD2D6D9" bordersize="1" childpadding="2">
          <TimeEdit name="dpbh" text="12" width="21" textcolor="#FF565A5D" bkcolor="#FFEDF1F4" maxchar="2" datetype="1"/>
          <Label text=":" textcolor="#FF565A5D" width="3" height="25"  bkcolor="#FFEDF1F4"/>
          <TimeEdit name="dpbm" text="30" width="21" textcolor="#FF565A5D" bkcolor="#FFEDF1F4" maxchar="2" datetype="0"/>
          <Label text=":" textcolor="#FF565A5D" width="3" height="25"  bkcolor="#FFEDF1F4"/>
          <Edit text="00" width="21" textcolor="##FF565A5D" readonly="true" bkcolor="#FFEDF1F4" maxchar="2"/>
          <VerticalLayout bkcolor="#FFEDF1F4" childvalign="vcenter" childvalign="2">
            <HorizontalLayout  childvalign="vcenter" bkcolor="#FFE1E5E8" padding="1,1,1,1" >
              <Button name="dpbup" foreimage="res='Robot/sysbtn/up.png'" width="7" height="4" padding="4,3,4,0"/>
            </HorizontalLayout>
            <HorizontalLayout   childvalign="vcenter" bkcolor="#FFE1E5E8" padding="1,1,1,1" >
              <Button name="dpbdown" foreimage="res='Robot/sysbtn/down.png'" width="7" height="4" padding="4,3,4,3"/>
            </HorizontalLayout>
          </VerticalLayout>
      </HorizontalLayout>
      <Label  width="10" height="2" bkimage="Robot/sysbtn/Interval.png"/>
      <HorizontalLayout name="dpe" height="25" width="100" inset="1,1,1,1" padding="0,0,0,0" childvalign="vcenter" bkcolor="#FFEDF1F4" bordercolor="#FFD2D6D9" bordersize="1">
          <TimeEdit name="dpeh" text="12" width="21" textcolor="#FF565A5D" bkcolor="#FFEDF1F4" datetype="1"/>
          <Label text=":" textcolor="#FF565A5D" width="10" height="25"  bkcolor="#FFEDF1F4"/>
          <TimeEdit name="dpem" text="30" width="21" textcolor="#FF565A5D" bkcolor="#FFEDF1F4" datetype="0"/>
          <Label text=":" textcolor="#FF565A5D" width="10" height="25"  bkcolor="#FFEDF1F4"/>
          <Edit text="00" width="21" textcolor="##FF565A5D" readonly="true" bkcolor="#FFEDF1F4"/>
          <VerticalLayout bkcolor="#FFEDF1F4" childvalign="vcenter" childvalign="2">
            <HorizontalLayout  childvalign="vcenter" bkcolor="#FFE1E5E8" padding="1,1,1,1" >
              <Button name="dpeup" foreimage="res='Robot/sysbtn/up.png'" width="7" height="4" padding="4,3,4,0"/>
            </HorizontalLayout>
            <HorizontalLayout   childvalign="vcenter" bkcolor="#FFE1E5E8" padding="1,1,1,1" >
              <Button name="dpedown" foreimage="res='Robot/sysbtn/down.png'" width="7" height="4" padding="4,3,4,3"/>
            </HorizontalLayout>
          </VerticalLayout>
      </HorizontalLayout>   
    </HorizontalLayout>
	
    <HorizontalLayout name="appbar" padding="13,0,2,15"   height="30" childpadding="7" childvalign="vcenter" >
        <Label text="复盘时间" textcolor="#FF565A5D" width="52" height="25" />
         <HorizontalLayout name="fpb" height="25" width="100" inset="1,1,1,1" padding="6,0,0,0" childvalign="vcenter" bkcolor="#FFEDF1F4" bordercolor="#FFD2D6D9" bordersize="1" childpadding="2">
          <TimeEdit name="fpbh" text="12" width="21" textcolor="#FF565A5D" bkcolor="#FFEDF1F4" maxchar="2" datetype="1"/>
          <Label text=":" textcolor="#FF565A5D" width="3" height="25"  bkcolor="#FFEDF1F4"/>
          <TimeEdit name="fpbm" text="30" width="21" textcolor="#FF565A5D" bkcolor="#FFEDF1F4" maxchar="2" datetype="0"/>
          <Label text=":" textcolor="#FF565A5D" width="3" height="25"  bkcolor="#FFEDF1F4"/>
          <Edit text="00" width="21" textcolor="##FF565A5D" readonly="true" bkcolor="#FFEDF1F4" maxchar="2"/>
          <VerticalLayout bkcolor="#FFEDF1F4" childvalign="vcenter" childvalign="2">
            <HorizontalLayout  childvalign="vcenter" bkcolor="#FFE1E5E8" padding="1,1,1,1" >
              <Button name="fpbup" foreimage="res='Robot/sysbtn/up.png'" width="7" height="4" padding="4,3,4,0"/>
            </HorizontalLayout>
            <HorizontalLayout   childvalign="vcenter" bkcolor="#FFE1E5E8" padding="1,1,1,1" >
              <Button name="fpbdown" foreimage="res='Robot/sysbtn/down.png'" width="7" height="4" padding="4,3,4,3"/>
            </HorizontalLayout>
          </VerticalLayout>
      </HorizontalLayout>
      <Label  width="10" height="2" bkimage="Robot/sysbtn/Interval.png"/>
      <HorizontalLayout name="fpe" height="25" width="100" inset="1,1,1,1" padding="0,0,0,0" childvalign="vcenter" bkcolor="#FFEDF1F4" bordercolor="#FFD2D6D9" bordersize="1">
          <TimeEdit name="fpeh" text="12" width="21" textcolor="#FF565A5D" bkcolor="#FFEDF1F4" datetype="1"/>
          <Label text=":" textcolor="#FF565A5D" width="10" height="25"  bkcolor="#FFEDF1F4"/>
          <TimeEdit name="fpem" text="30" width="21" textcolor="#FF565A5D" bkcolor="#FFEDF1F4" datetype="0"/>
          <Label text=":" textcolor="#FF565A5D" width="10" height="25"  bkcolor="#FFEDF1F4"/>
          <Edit text="00" width="21" textcolor="##FF565A5D" readonly="true" bkcolor="#FFEDF1F4"/>
          <VerticalLayout bkcolor="#FFEDF1F4" childvalign="vcenter" childvalign="2">
            <HorizontalLayout  childvalign="vcenter" bkcolor="#FFE1E5E8" padding="1,1,1,1" >
              <Button name="fpeup" foreimage="res='Robot/sysbtn/up.png'" width="7" height="4" padding="4,3,4,0"/>
            </HorizontalLayout>
            <HorizontalLayout   childvalign="vcenter" bkcolor="#FFE1E5E8" padding="1,1,1,1" >
              <Button name="fpedown" foreimage="res='Robot/sysbtn/down.png'" width="7" height="4" padding="4,3,4,3"/>
            </HorizontalLayout>
          </VerticalLayout>
      </HorizontalLayout> 
    </HorizontalLayout>
  </VerticalLayout>
    <HorizontalLayout height="42" inset="10,2,12,12" childpadding="20" childvalign="vcenter" >
	   <Label height="12" textpadding="18,0,0,0" bkimage="file='Robot/common/error.png' dest='0,0,12,12'" name="tips" width="180" text="时间有重叠，请重新设置" textcolor="#FF565A5D"/>
	  <Control />
      <Button name="confirm_btn" text="确定" width="72" height="26" font="1" cursor="hand" style="confirm_btn_style"/>
	</HorizontalLayout>
  </VerticalLayout>
</Window>