<?xml version="1.0" encoding="utf-8"?>
<Res>
	<Xml id="XML_HX_SETUP" path="HxSetup/HxSetup.xml"/>
	<Xml id="XML_HX_ROBOT" path="Robot/Robot.xml"/>
	<Xml id="XML_HX_SETTING" path="Robot/setting.xml"/>
	<Xml id="XML_HX_ROBOT_PARENT" path="Robot/Parent.xml"/>
	<Xml id="XML_HX_TALK_WND" path="Robot/talk_wnd.xml"/>
	<Xml id="XML_HX_ROBOT_MENU" path="Robot/menu.xml"/>
	<Xml id="XML_HX_ROBOT_TEST_MENU" path="Robot/menu_test.xml"/>
	<Xml id="XML_MIN_EDIT_WND" path="Robot/min_edit.xml"/>
	<Xml id="XML_HOUR_EDIT_WND" path="Robot/hour_edit.xml"/>
	<Xml id="XML_HX_PUSH_WND" path="Robot/push_wnd.xml"/>
	<Xml id="XML_HX_ICON_WND" path="Robot/icon_wnd.xml"/>
</Res>